id;first_name;last_name;dob;email;telephone;s_sn;is_primary_policy_holder;gender;marital_status;is_active;timestamp
1;Chelsey;Wyman;California Money Market Account Squares;Dalton_Dickinson@hotmail.com;(291) 128-3373 x268;Cotton;true;sky blue Consultant Malta;alarm Licensed Rubber Bacon;false;Ball Extended
2;Hazle;Rutherford;mobile azure Soft;Velda_DuBuque42@yahoo.com;(268) 330-6700;Generic Spurs;true;secondary database protocol;quantifying Handmade;true;Ford
3;August;Schaefer;Kids;Ceasar61@hotmail.com;1-772-676-4102 x91736;invoice Games invoice;false;COM Rhode Island;Handcrafted Auto Loan Account;false;Concrete
4;Derick;Reynolds;Refined Hat Hat;Kaia.Cruickshank@yahoo.com;(271) 746-0823 x88654;UIC-Franc;true;Shirt Liaison;overriding Rustic Cotton Table;true;Intelligent Cotton Sausages
5;Mara;Bauch;Central transmitting;Wilbert.Lind@gmail.com;(680) 618-5242;transitional Forint Steel;false;bypass;Manat;false;Checking Account overriding Analyst
6;Percy;Powlowski;backing up Personal Loan Account Open-source;Rhett.Will@gmail.com;(649) 986-6187 x5496;Cambridgeshire Brand;false;Soft Global Shirt;Checking Account generating unleash;false;Frozen Specialist
7;Keagan;Schiller;mindshare monitor synthesizing;Keeley.Wintheiser27@gmail.com;708-780-1137 x757;Loaf payment;false;connecting;open-source;true;Investment Account didactic Afghani
8;Julie;Rogahn;Infrastructure Curve Metal;Rashawn.Kilback@gmail.com;(806) 974-7624;Graphical User Interface Rhode Island Mandatory;false;SMS Ville;Minnesota Oklahoma;false;Washington
9;Diana;Jacobson;SSL;Eulalia_Senger63@yahoo.com;1-929-575-6102 x989;Internal Data Fantastic;true;radical Connecticut;leading edge Kiribati parse;false;Practical Frozen Bacon Netherlands Antillian Guilder Avon
10;Benny;Lind;Upgradable Health Assistant;Rosario.Bartell@yahoo.com;655-294-4204;Ball Central Proactive;true;vortals networks Montana;Pennsylvania Web Georgia;true;parse haptic hacking
